<?xml version="1.0" encoding="UTF-8"?>
<project xmlns="http://maven.apache.org/POM/4.0.0" xmlns:xsi="http://www.w3.org/2001/XMLSchema-instance" xsi:schemaLocation="http://maven.apache.org/POM/4.0.0 http://maven.apache.org/maven-v4_0_0.xsd">
  <modelVersion>4.0.0</modelVersion>
  <groupId>com.finastra.party</groupId>
  <artifactId>quick-party-onboarding-enterprise</artifactId>
  <name>quick-party-onboarding-enterprise</name>
  <version>1.0.1-RELEASE</version>
  <build>
    <plugins>
      <plugin>
        <artifactId>maven-shade-plugin</artifactId>
        <executions>
          <execution>
            <phase>package</phase>
            <goals>
              <goal>shade</goal>
            </goals>
            <configuration>
              <shadedArtifactAttached>true</shadedArtifactAttached>
              <transformers>
                <transformer>
                  <mainClass>com.finastra.enterprise.party.App</mainClass>
                </transformer>
              </transformers>
            </configuration>
          </execution>
        </executions>
      </plugin>
    </plugins>
  </build>
  <dependencies>
    <dependency>
      <groupId>org.mockito</groupId>
      <artifactId>mockito-inline</artifactId>
      <version>4.1.0</version>
      <scope>test</scope>
      <exclusions>
        <exclusion>
          <artifactId>mockito-core</artifactId>
          <groupId>org.mockito</groupId>
        </exclusion>
      </exclusions>
    </dependency>
    <dependency>
      <groupId>org.mockito</groupId>
      <artifactId>mockito-junit-jupiter</artifactId>
      <version>4.1.0</version>
      <scope>test</scope>
      <exclusions>
        <exclusion>
          <artifactId>junit-jupiter-api</artifactId>
          <groupId>org.junit.jupiter</groupId>
        </exclusion>
        <exclusion>
          <artifactId>mockito-core</artifactId>
          <groupId>org.mockito</groupId>
        </exclusion>
      </exclusions>
    </dependency>
  </dependencies>
  <properties>
    <mockito.junit.version>4.1.0</mockito.junit.version>
    <json.version>20231013</json.version>
    <java.version>1.8</java.version>
    <jackson.version>2.5.3</jackson.version>
    <httpclient.version>4.5.13</httpclient.version>
    <project.build.sourceEncoding>UTF-8</project.build.sourceEncoding>
    <logger.version>2.20.0</logger.version>
    <apache.poi.version>4.1.2</apache.poi.version>
  </properties>
</project>
